Label,Forum
0,Quadro de avisos
1,Quadro de avisos
2,Quadro de avisos
3,Quadro de avisos
4,Quadro de avisos
5,Quadro de avisos
6,Quadro de avisos
7,Quadro de avisos
8,Quadro de avisos
9,Quadro de avisos
10,Quadro de avisos
11,Quadro de avisos
12,Quadro de avisos
13,Área de Testes
14,Área de Testes
15,Área de Testes
16,Área de Testes
17,Área de Testes
18,Área de Testes
19,Área de Testes
20,Área de Testes
21,Área de Testes
22,Área de Testes
23,Área de Testes
24,Área de Testes
25,Área de Testes
26,Área de Testes
27,Área de Testes
28,Área de Testes
29,Área de Testes
30,Reclamações e Sugestões
31,Reclamações e Sugestões
32,Reclamações e Sugestões
33,Reclamações e Sugestões
34,Reclamações e Sugestões
35,Reclamações e Sugestões
36,Reclamações e Sugestões
37,Reclamações e Sugestões
38,Ateísmo e Agnosticismo
39,Ateísmo e Agnosticismo
40,Ateísmo e Agnosticismo
41,Ateísmo e Agnosticismo
42,Ateísmo e Agnosticismo
43,Ateísmo e Agnosticismo
44,Ateísmo e Agnosticismo
45,Ateísmo e Agnosticismo
46,Ateísmo e Agnosticismo
47,Ateísmo e Agnosticismo
48,Ateísmo e Agnosticismo
49,Ateísmo e Agnosticismo
50,Ateísmo e Agnosticismo
51,Ceticismo
52,Ceticismo
53,Ceticismo
54,Ceticismo
55,Ceticismo
56,Ceticismo
57,Ceticismo
58,Ceticismo
59,Ceticismo
60,Ceticismo
61,Ceticismo
62,Ceticismo
63,Ceticismo
64,Ceticismo
65,Ceticismo
66,Ceticismo
67,Ceticismo
68,Ceticismo
69,Ceticismo
70,Ceticismo
71,Ceticismo
72,Ceticismo
73,Ceticismo
74,Ceticismo
75,Ceticismo
76,Ceticismo
77,Ceticismo
78,Ceticismo
79,Ceticismo
80,Ceticismo
81,Ceticismo
82,Ceticismo
83,Ceticismo
84,Ceticismo
85,Ceticismo
86,Ceticismo
87,Ceticismo
88,Ceticismo
89,Ceticismo
90,Ceticismo
91,Ceticismo
92,Ceticismo
93,Ceticismo
94,Ceticismo
95,Ceticismo
96,Ceticismo
97,Ceticismo
98,Ceticismo
99,Ceticismo
100,Ceticismo
101,Ceticismo
102,Ceticismo
103,Ceticismo
104,Ceticismo
105,Ceticismo
106,"Ciência, Tecnologia e Saúde"
107,"Ciência, Tecnologia e Saúde"
108,"Ciência, Tecnologia e Saúde"
109,"Ciência, Tecnologia e Saúde"
110,"Ciência, Tecnologia e Saúde"
111,"Ciência, Tecnologia e Saúde"
112,"Ciência, Tecnologia e Saúde"
113,"Ciência, Tecnologia e Saúde"
114,"Ciência, Tecnologia e Saúde"
115,"Ciência, Tecnologia e Saúde"
116,"Ciência, Tecnologia e Saúde"
117,"Ciência, Tecnologia e Saúde"
118,"Ciência, Tecnologia e Saúde"
119,"Ciência, Tecnologia e Saúde"
120,"Ciência, Tecnologia e Saúde"
121,"Ciência, Tecnologia e Saúde"
122,"Ciência, Tecnologia e Saúde"
123,"Ciência, Tecnologia e Saúde"
124,"Ciência, Tecnologia e Saúde"
125,"Ciência, Tecnologia e Saúde"
126,"Ciência, Tecnologia e Saúde"
127,"Ciência, Tecnologia e Saúde"
128,"Ciência, Tecnologia e Saúde"
129,"Ciência, Tecnologia e Saúde"
130,"Ciência, Tecnologia e Saúde"
131,"Ciência, Tecnologia e Saúde"
132,"Ciência, Tecnologia e Saúde"
133,"Ciência, Tecnologia e Saúde"
134,"Ciência, Tecnologia e Saúde"
135,"Ciência, Tecnologia e Saúde"
136,"Ciência, Tecnologia e Saúde"
137,"Ciência, Tecnologia e Saúde"
138,"Ciência, Tecnologia e Saúde"
139,"Ciência, Tecnologia e Saúde"
140,"Ciência, Tecnologia e Saúde"
141,"Ciência, Tecnologia e Saúde"
142,"Ciência, Tecnologia e Saúde"
143,"Ciência, Tecnologia e Saúde"
144,"Ciência, Tecnologia e Saúde"
145,"Ciência, Tecnologia e Saúde"
146,"Ciência, Tecnologia e Saúde"
147,"Ciência, Tecnologia e Saúde"
148,"Ciência, Tecnologia e Saúde"
149,"Ciência, Tecnologia e Saúde"
150,"Ciência, Tecnologia e Saúde"
151,"Ciência, Tecnologia e Saúde"
152,"Ciência, Tecnologia e Saúde"
153,"Ciência, Tecnologia e Saúde"
154,"Ciência, Tecnologia e Saúde"
155,"Ciência, Tecnologia e Saúde"
156,"Ciência, Tecnologia e Saúde"
157,"Ciência, Tecnologia e Saúde"
158,"Ciência, Tecnologia e Saúde"
159,"Ciência, Tecnologia e Saúde"
160,"Ciência, Tecnologia e Saúde"
161,"Ciência, Tecnologia e Saúde"
162,"Ciência, Tecnologia e Saúde"
163,"Ciência, Tecnologia e Saúde"
164,"Ciência, Tecnologia e Saúde"
165,"Ciência, Tecnologia e Saúde"
166,"Ciência, Tecnologia e Saúde"
167,"Ciência, Tecnologia e Saúde"
168,"Ciência, Tecnologia e Saúde"
169,"Ciência, Tecnologia e Saúde"
170,"Ciência, Tecnologia e Saúde"
171,"Ciência, Tecnologia e Saúde"
172,"Ciência, Tecnologia e Saúde"
173,"Ciência, Tecnologia e Saúde"
174,"Ciência, Tecnologia e Saúde"
175,"Ciência, Tecnologia e Saúde"
176,"Ciência, Tecnologia e Saúde"
177,"Ciência, Tecnologia e Saúde"
178,"Ciência, Tecnologia e Saúde"
179,"Ciência, Tecnologia e Saúde"
180,"Ciência, Tecnologia e Saúde"
181,"Ciência, Tecnologia e Saúde"
182,"Ciência, Tecnologia e Saúde"
183,"Ciência, Tecnologia e Saúde"
184,"Ciência, Tecnologia e Saúde"
185,"Ciência, Tecnologia e Saúde"
186,"Ciência, Tecnologia e Saúde"
187,"Ciência, Tecnologia e Saúde"
188,"Ciência, Tecnologia e Saúde"
189,"Ciência, Tecnologia e Saúde"
190,"Ciência, Tecnologia e Saúde"
191,"Ciência, Tecnologia e Saúde"
192,"Ciência, Tecnologia e Saúde"
193,"Ciência, Tecnologia e Saúde"
194,"Ciência, Tecnologia e Saúde"
195,"Ciência, Tecnologia e Saúde"
196,"Ciência, Tecnologia e Saúde"
197,"Ciência, Tecnologia e Saúde"
198,"Ciência, Tecnologia e Saúde"
199,"Ciência, Tecnologia e Saúde"
200,"Ciência, Tecnologia e Saúde"
201,"Ciência, Tecnologia e Saúde"
202,"Ciência, Tecnologia e Saúde"
203,"Ciência, Tecnologia e Saúde"
204,"Ciência, Tecnologia e Saúde"
205,"Ciência, Tecnologia e Saúde"
206,"Ciência, Tecnologia e Saúde"
207,"Ciência, Tecnologia e Saúde"
208,"Ciência, Tecnologia e Saúde"
209,"Ciência, Tecnologia e Saúde"
210,"Ciência, Tecnologia e Saúde"
211,"Ciência, Tecnologia e Saúde"
212,"Ciência, Tecnologia e Saúde"
213,"Ciência, Tecnologia e Saúde"
214,"Ciência, Tecnologia e Saúde"
215,"Ciência, Tecnologia e Saúde"
216,"Ciência, Tecnologia e Saúde"
217,"Ciência, Tecnologia e Saúde"
218,"Ciência, Tecnologia e Saúde"
219,"Ciência, Tecnologia e Saúde"
220,"Ciência, Tecnologia e Saúde"
221,"Ciência, Tecnologia e Saúde"
222,"Ciência, Tecnologia e Saúde"
223,"Ciência, Tecnologia e Saúde"
224,"Ciência, Tecnologia e Saúde"
225,"Ciência, Tecnologia e Saúde"
226,"Ciência, Tecnologia e Saúde"
227,"Ciência, Tecnologia e Saúde"
228,"Ciência, Tecnologia e Saúde"
229,"Ciência, Tecnologia e Saúde"
230,"Ciência, Tecnologia e Saúde"
231,"Ciência, Tecnologia e Saúde"
232,"Ciência, Tecnologia e Saúde"
233,"Ciência, Tecnologia e Saúde"
234,"Ciência, Tecnologia e Saúde"
235,"Ciência, Tecnologia e Saúde"
236,"Ciência, Tecnologia e Saúde"
237,"Ciência, Tecnologia e Saúde"
238,"Ciência, Tecnologia e Saúde"
239,"História, Sociedade, Comportamento e Filosofia"
240,"História, Sociedade, Comportamento e Filosofia"
241,"História, Sociedade, Comportamento e Filosofia"
242,"História, Sociedade, Comportamento e Filosofia"
243,"História, Sociedade, Comportamento e Filosofia"
244,"História, Sociedade, Comportamento e Filosofia"
245,"História, Sociedade, Comportamento e Filosofia"
246,"História, Sociedade, Comportamento e Filosofia"
247,"História, Sociedade, Comportamento e Filosofia"
248,"História, Sociedade, Comportamento e Filosofia"
249,"História, Sociedade, Comportamento e Filosofia"
250,"História, Sociedade, Comportamento e Filosofia"
251,"História, Sociedade, Comportamento e Filosofia"
252,"História, Sociedade, Comportamento e Filosofia"
253,"História, Sociedade, Comportamento e Filosofia"
254,"História, Sociedade, Comportamento e Filosofia"
255,"História, Sociedade, Comportamento e Filosofia"
256,"História, Sociedade, Comportamento e Filosofia"
257,"História, Sociedade, Comportamento e Filosofia"
258,"História, Sociedade, Comportamento e Filosofia"
259,"História, Sociedade, Comportamento e Filosofia"
260,"História, Sociedade, Comportamento e Filosofia"
261,"História, Sociedade, Comportamento e Filosofia"
262,"História, Sociedade, Comportamento e Filosofia"
263,"História, Sociedade, Comportamento e Filosofia"
264,"História, Sociedade, Comportamento e Filosofia"
265,"História, Sociedade, Comportamento e Filosofia"
266,"História, Sociedade, Comportamento e Filosofia"
267,"História, Sociedade, Comportamento e Filosofia"
268,"História, Sociedade, Comportamento e Filosofia"
269,"História, Sociedade, Comportamento e Filosofia"
270,"História, Sociedade, Comportamento e Filosofia"
271,"História, Sociedade, Comportamento e Filosofia"
272,"História, Sociedade, Comportamento e Filosofia"
273,"História, Sociedade, Comportamento e Filosofia"
274,"História, Sociedade, Comportamento e Filosofia"
275,"História, Sociedade, Comportamento e Filosofia"
276,"História, Sociedade, Comportamento e Filosofia"
277,"História, Sociedade, Comportamento e Filosofia"
278,"História, Sociedade, Comportamento e Filosofia"
279,"História, Sociedade, Comportamento e Filosofia"
280,"História, Sociedade, Comportamento e Filosofia"
281,"História, Sociedade, Comportamento e Filosofia"
282,"História, Sociedade, Comportamento e Filosofia"
283,"História, Sociedade, Comportamento e Filosofia"
284,"História, Sociedade, Comportamento e Filosofia"
285,"História, Sociedade, Comportamento e Filosofia"
286,"História, Sociedade, Comportamento e Filosofia"
287,"História, Sociedade, Comportamento e Filosofia"
288,"História, Sociedade, Comportamento e Filosofia"
289,"História, Sociedade, Comportamento e Filosofia"
290,"História, Sociedade, Comportamento e Filosofia"
291,"História, Sociedade, Comportamento e Filosofia"
292,"História, Sociedade, Comportamento e Filosofia"
293,"História, Sociedade, Comportamento e Filosofia"
294,"História, Sociedade, Comportamento e Filosofia"
295,"História, Sociedade, Comportamento e Filosofia"
296,"História, Sociedade, Comportamento e Filosofia"
297,"História, Sociedade, Comportamento e Filosofia"
298,"História, Sociedade, Comportamento e Filosofia"
299,"História, Sociedade, Comportamento e Filosofia"
300,"História, Sociedade, Comportamento e Filosofia"
301,"História, Sociedade, Comportamento e Filosofia"
302,"História, Sociedade, Comportamento e Filosofia"
303,"História, Sociedade, Comportamento e Filosofia"
304,"História, Sociedade, Comportamento e Filosofia"
305,"História, Sociedade, Comportamento e Filosofia"
306,"História, Sociedade, Comportamento e Filosofia"
307,"História, Sociedade, Comportamento e Filosofia"
308,"História, Sociedade, Comportamento e Filosofia"
309,"História, Sociedade, Comportamento e Filosofia"
310,"História, Sociedade, Comportamento e Filosofia"
311,"História, Sociedade, Comportamento e Filosofia"
312,"História, Sociedade, Comportamento e Filosofia"
313,"História, Sociedade, Comportamento e Filosofia"
314,"História, Sociedade, Comportamento e Filosofia"
315,"História, Sociedade, Comportamento e Filosofia"
316,"História, Sociedade, Comportamento e Filosofia"
317,"História, Sociedade, Comportamento e Filosofia"
318,"História, Sociedade, Comportamento e Filosofia"
319,"História, Sociedade, Comportamento e Filosofia"
320,"História, Sociedade, Comportamento e Filosofia"
321,"História, Sociedade, Comportamento e Filosofia"
322,"História, Sociedade, Comportamento e Filosofia"
323,"História, Sociedade, Comportamento e Filosofia"
324,"História, Sociedade, Comportamento e Filosofia"
325,"História, Sociedade, Comportamento e Filosofia"
326,"História, Sociedade, Comportamento e Filosofia"
327,"História, Sociedade, Comportamento e Filosofia"
328,"História, Sociedade, Comportamento e Filosofia"
329,"História, Sociedade, Comportamento e Filosofia"
330,"História, Sociedade, Comportamento e Filosofia"
331,"História, Sociedade, Comportamento e Filosofia"
332,"História, Sociedade, Comportamento e Filosofia"
333,"História, Sociedade, Comportamento e Filosofia"
334,"História, Sociedade, Comportamento e Filosofia"
335,"História, Sociedade, Comportamento e Filosofia"
336,"História, Sociedade, Comportamento e Filosofia"
337,"História, Sociedade, Comportamento e Filosofia"
338,"História, Sociedade, Comportamento e Filosofia"
339,"Laicismo, Política e Economia"
340,"Laicismo, Política e Economia"
341,"Laicismo, Política e Economia"
342,"Laicismo, Política e Economia"
343,"Laicismo, Política e Economia"
344,"Laicismo, Política e Economia"
345,"Laicismo, Política e Economia"
346,"Laicismo, Política e Economia"
347,"Laicismo, Política e Economia"
348,"Laicismo, Política e Economia"
349,"Laicismo, Política e Economia"
350,"Laicismo, Política e Economia"
351,"Laicismo, Política e Economia"
352,"Laicismo, Política e Economia"
353,"Laicismo, Política e Economia"
354,"Laicismo, Política e Economia"
355,"Laicismo, Política e Economia"
356,"Laicismo, Política e Economia"
357,"Laicismo, Política e Economia"
358,"Laicismo, Política e Economia"
359,"Laicismo, Política e Economia"
360,"Laicismo, Política e Economia"
361,"Laicismo, Política e Economia"
362,"Laicismo, Política e Economia"
363,"Laicismo, Política e Economia"
364,"Laicismo, Política e Economia"
365,"Laicismo, Política e Economia"
366,"Laicismo, Política e Economia"
367,"Laicismo, Política e Economia"
368,"Laicismo, Política e Economia"
369,"Laicismo, Política e Economia"
370,"Laicismo, Política e Economia"
371,"Laicismo, Política e Economia"
372,"Laicismo, Política e Economia"
373,"Laicismo, Política e Economia"
374,"Laicismo, Política e Economia"
375,"Laicismo, Política e Economia"
376,"Laicismo, Política e Economia"
377,"Laicismo, Política e Economia"
378,"Laicismo, Política e Economia"
379,"Laicismo, Política e Economia"
380,"Laicismo, Política e Economia"
381,"Laicismo, Política e Economia"
382,"Laicismo, Política e Economia"
383,"Laicismo, Política e Economia"
384,"Laicismo, Política e Economia"
385,"Laicismo, Política e Economia"
386,"Laicismo, Política e Economia"
387,"Laicismo, Política e Economia"
388,"Laicismo, Política e Economia"
389,"Laicismo, Política e Economia"
390,"Laicismo, Política e Economia"
391,"Laicismo, Política e Economia"
392,"Laicismo, Política e Economia"
393,"Laicismo, Política e Economia"
394,"Laicismo, Política e Economia"
395,"Laicismo, Política e Economia"
396,"Laicismo, Política e Economia"
397,"Laicismo, Política e Economia"
398,"Laicismo, Política e Economia"
399,"Laicismo, Política e Economia"
400,"Laicismo, Política e Economia"
401,"Laicismo, Política e Economia"
402,"Laicismo, Política e Economia"
403,"Laicismo, Política e Economia"
404,"Laicismo, Política e Economia"
405,"Laicismo, Política e Economia"
406,"Laicismo, Política e Economia"
407,"Laicismo, Política e Economia"
408,"Laicismo, Política e Economia"
409,"Laicismo, Política e Economia"
410,"Laicismo, Política e Economia"
411,"Laicismo, Política e Economia"
412,"Laicismo, Política e Economia"
413,"Laicismo, Política e Economia"
414,"Laicismo, Política e Economia"
415,"Laicismo, Política e Economia"
416,"Laicismo, Política e Economia"
417,"Laicismo, Política e Economia"
418,"Laicismo, Política e Economia"
419,"Laicismo, Política e Economia"
420,"Laicismo, Política e Economia"
421,"Laicismo, Política e Economia"
422,"Laicismo, Política e Economia"
423,"Laicismo, Política e Economia"
424,"Laicismo, Política e Economia"
425,"Laicismo, Política e Economia"
426,"Laicismo, Política e Economia"
427,"Laicismo, Política e Economia"
428,"Laicismo, Política e Economia"
429,"Laicismo, Política e Economia"
430,"Laicismo, Política e Economia"
431,"Laicismo, Política e Economia"
432,"Laicismo, Política e Economia"
433,"Laicismo, Política e Economia"
434,"Laicismo, Política e Economia"
435,"Laicismo, Política e Economia"
436,"Laicismo, Política e Economia"
437,"Laicismo, Política e Economia"
438,"Laicismo, Política e Economia"
439,"Laicismo, Política e Economia"
440,"Laicismo, Política e Economia"
441,"Laicismo, Política e Economia"
442,"Laicismo, Política e Economia"
443,"Laicismo, Política e Economia"
444,"Laicismo, Política e Economia"
445,"Laicismo, Política e Economia"
446,"Laicismo, Política e Economia"
447,"Laicismo, Política e Economia"
448,"Laicismo, Política e Economia"
449,"Laicismo, Política e Economia"
450,"Laicismo, Política e Economia"
451,"Laicismo, Política e Economia"
452,"Laicismo, Política e Economia"
453,"Laicismo, Política e Economia"
454,"Laicismo, Política e Economia"
455,"Laicismo, Política e Economia"
456,"Laicismo, Política e Economia"
457,"Laicismo, Política e Economia"
458,"Laicismo, Política e Economia"
459,"Laicismo, Política e Economia"
460,"Laicismo, Política e Economia"
461,"Laicismo, Política e Economia"
462,"Laicismo, Política e Economia"
463,"Laicismo, Política e Economia"
464,"Laicismo, Política e Economia"
465,"Laicismo, Política e Economia"
466,"Laicismo, Política e Economia"
467,"Laicismo, Política e Economia"
468,"Laicismo, Política e Economia"
469,"Laicismo, Política e Economia"
470,"Laicismo, Política e Economia"
471,"Laicismo, Política e Economia"
472,"Laicismo, Política e Economia"
473,"Laicismo, Política e Economia"
474,"Laicismo, Política e Economia"
475,"Laicismo, Política e Economia"
476,"Laicismo, Política e Economia"
477,"Laicismo, Política e Economia"
478,"Laicismo, Política e Economia"
479,"Laicismo, Política e Economia"
480,"Laicismo, Política e Economia"
481,"Laicismo, Política e Economia"
482,"Laicismo, Política e Economia"
483,"Laicismo, Política e Economia"
484,"Laicismo, Política e Economia"
485,Origens e Evolução
486,Origens e Evolução
487,Origens e Evolução
488,Origens e Evolução
489,Origens e Evolução
490,Origens e Evolução
491,Origens e Evolução
492,Origens e Evolução
493,Origens e Evolução
494,Origens e Evolução
495,Origens e Evolução
496,Origens e Evolução
497,Origens e Evolução
498,"Religiões, Crenças e Mitos"
499,"Religiões, Crenças e Mitos"
500,"Religiões, Crenças e Mitos"
501,"Religiões, Crenças e Mitos"
502,"Religiões, Crenças e Mitos"
503,"Religiões, Crenças e Mitos"
504,"Religiões, Crenças e Mitos"
505,"Religiões, Crenças e Mitos"
506,"Religiões, Crenças e Mitos"
507,"Religiões, Crenças e Mitos"
508,"Religiões, Crenças e Mitos"
509,"Religiões, Crenças e Mitos"
510,"Religiões, Crenças e Mitos"
511,"Religiões, Crenças e Mitos"
512,"Religiões, Crenças e Mitos"
513,"Religiões, Crenças e Mitos"
514,"Religiões, Crenças e Mitos"
515,"Religiões, Crenças e Mitos"
516,"Religiões, Crenças e Mitos"
517,"Religiões, Crenças e Mitos"
518,"Religiões, Crenças e Mitos"
519,"Religiões, Crenças e Mitos"
520,"Religiões, Crenças e Mitos"
521,"Religiões, Crenças e Mitos"
522,"Religiões, Crenças e Mitos"
523,"Religiões, Crenças e Mitos"
524,"Religiões, Crenças e Mitos"
525,"Religiões, Crenças e Mitos"
526,"Religiões, Crenças e Mitos"
527,"Religiões, Crenças e Mitos"
528,"Religiões, Crenças e Mitos"
529,"Religiões, Crenças e Mitos"
530,"Religiões, Crenças e Mitos"
531,"Religiões, Crenças e Mitos"
532,"Religiões, Crenças e Mitos"
533,"Religiões, Crenças e Mitos"
534,"Religiões, Crenças e Mitos"
535,"Religiões, Crenças e Mitos"
536,"Religiões, Crenças e Mitos"
537,"Religiões, Crenças e Mitos"
538,"Religiões, Crenças e Mitos"
539,"Religiões, Crenças e Mitos"
540,"Religiões, Crenças e Mitos"
541,"Religiões, Crenças e Mitos"
542,"Religiões, Crenças e Mitos"
543,"Religiões, Crenças e Mitos"
544,"Religiões, Crenças e Mitos"
545,"Religiões, Crenças e Mitos"
546,"Religiões, Crenças e Mitos"
547,"Religiões, Crenças e Mitos"
548,"Religiões, Crenças e Mitos"
549,"Religiões, Crenças e Mitos"
550,"Religiões, Crenças e Mitos"
551,"Religiões, Crenças e Mitos"
552,"Religiões, Crenças e Mitos"
553,"Religiões, Crenças e Mitos"
554,"Religiões, Crenças e Mitos"
555,"Religiões, Crenças e Mitos"
556,"Religiões, Crenças e Mitos"
557,"Religiões, Crenças e Mitos"
558,"Religiões, Crenças e Mitos"
559,"Religiões, Crenças e Mitos"
560,"Religiões, Crenças e Mitos"
561,"Religiões, Crenças e Mitos"
562,"Religiões, Crenças e Mitos"
563,"Religiões, Crenças e Mitos"
564,"Religiões, Crenças e Mitos"
565,"Religiões, Crenças e Mitos"
566,"Religiões, Crenças e Mitos"
567,"Religiões, Crenças e Mitos"
568,"Religiões, Crenças e Mitos"
569,"Religiões, Crenças e Mitos"
570,"Religiões, Crenças e Mitos"
571,"Religiões, Crenças e Mitos"
572,"Religiões, Crenças e Mitos"
573,"Religiões, Crenças e Mitos"
574,"Religiões, Crenças e Mitos"
575,"Religiões, Crenças e Mitos"
576,"Religiões, Crenças e Mitos"
577,"Religiões, Crenças e Mitos"
578,"Religiões, Crenças e Mitos"
579,"Religiões, Crenças e Mitos"
580,"Religiões, Crenças e Mitos"
581,"Religiões, Crenças e Mitos"
582,"Religiões, Crenças e Mitos"
583,"Religiões, Crenças e Mitos"
584,"Religiões, Crenças e Mitos"
585,"Religiões, Crenças e Mitos"
586,"Religiões, Crenças e Mitos"
587,"Religiões, Crenças e Mitos"
588,Teorias da conspiração
589,Teorias da conspiração
590,Teorias da conspiração
591,Teorias da conspiração
592,Teorias da conspiração
593,Teorias da conspiração
594,Teorias da conspiração
595,Teorias da conspiração
596,Teorias da conspiração
597,Teorias da conspiração
598,Teorias da conspiração
599,Teorias da conspiração
600,Teorias da conspiração
601,Teorias da conspiração
602,Teorias da conspiração
603,Teorias da conspiração
604,Teorias da conspiração
605,Teorias da conspiração
606,Teorias da conspiração
607,Teorias da conspiração
608,Teorias da conspiração
609,Teorias da conspiração
610,Teorias da conspiração
611,Teorias da conspiração
612,Teorias da conspiração
613,Teorias da conspiração
614,Teorias da conspiração
615,Teorias da conspiração
616,Teorias da conspiração
617,Teorias da conspiração
618,Teorias da conspiração
619,Teorias da conspiração
620,Teorias da conspiração
621,Teorias da conspiração
622,Teorias da conspiração
623,Teorias da conspiração
624,Papo Furado
625,Papo Furado
626,Papo Furado
627,Papo Furado
628,Papo Furado
629,Papo Furado
630,Papo Furado
631,Papo Furado
632,Papo Furado
633,Papo Furado
634,Papo Furado
635,Papo Furado
636,Papo Furado
637,Papo Furado
638,Papo Furado
639,Papo Furado
640,Papo Furado
641,Papo Furado
642,Papo Furado
643,Papo Furado
644,Papo Furado
645,Papo Furado
646,Papo Furado
647,Papo Furado
648,Papo Furado
649,Papo Furado
650,Papo Furado
651,Papo Furado
652,Papo Furado
653,Papo Furado
654,Papo Furado
655,Papo Furado
656,Papo Furado
657,Papo Furado
658,Papo Furado
659,Papo Furado
660,Papo Furado
661,Papo Furado
662,Papo Furado
663,Papo Furado
664,Papo Furado
665,Papo Furado
666,Papo Furado
667,Papo Furado
668,Papo Furado
669,Papo Furado
670,Piadas e Brincadeiras
671,Piadas e Brincadeiras
672,Piadas e Brincadeiras
673,Piadas e Brincadeiras
674,Piadas e Brincadeiras
675,Piadas e Brincadeiras
676,Piadas e Brincadeiras
677,Piadas e Brincadeiras
678,Piadas e Brincadeiras
679,Piadas e Brincadeiras
680,Piadas e Brincadeiras
681,"Música, Arte e Cultura"
682,"Música, Arte e Cultura"
683,"Música, Arte e Cultura"
684,"Música, Arte e Cultura"
685,"Música, Arte e Cultura"
686,"Música, Arte e Cultura"
687,"Música, Arte e Cultura"
688,"Música, Arte e Cultura"
689,"Música, Arte e Cultura"
690,"Música, Arte e Cultura"
691,"Música, Arte e Cultura"
692,"Música, Arte e Cultura"
693,"Música, Arte e Cultura"
694,"Música, Arte e Cultura"
695,"Música, Arte e Cultura"
696,Redes Sociais
697,Redes Sociais
698,Redes Sociais
699,Redes Sociais
700,Redes Sociais
701,Redes Sociais
